Fund Name,P1,P2,P3,P4,P5,Topsis Score,Rank
M1,0.93,0.86,4.4,52.6,14.7,0.7070340669308243,2
M2,0.67,0.45,3.7,47.9,13.18,0.694514769735893,3
M3,0.61,0.37,5.8,65.0,17.95,0.29972404273996744,8
M4,0.94,0.88,6.0,40.7,12.13,0.49428580457038895,6
M5,0.69,0.48,3.8,55.6,15.14,0.6858146328416564,4
M6,0.93,0.86,5.3,47.1,13.55,0.570951466249302,5
M7,0.93,0.86,6.9,69.9,19.65,0.3084292039102004,7
M8,0.95,0.9,3.1,61.6,16.64,0.8047682588122854,1
