Fund Name,P1,P2,P3,P4,P5,Topsis Score,Rank
M1,0.93,0.86,4.4,52.6,14.7,0.4572830526753078,6
M2,0.67,0.45,3.7,47.9,13.18,0.17227424340315084,8
M3,0.61,0.37,5.8,65.0,17.95,0.5604802973273249,2
M4,0.94,0.88,6.0,40.7,12.13,0.49103677584104083,3
M5,0.69,0.48,3.8,55.6,15.14,0.23937522312299062,7
M6,0.93,0.86,5.3,47.1,13.55,0.48663204679678135,4
M7,0.93,0.86,6.9,69.9,19.65,0.8221869010578099,1
M8,0.95,0.9,3.1,61.6,16.64,0.46013944214911007,5
